Time,normal_interactions,curtailed_interactions
0,2.14717e+07,2.14717e+07
0.25,2.14715e+07,2.14715e+07
0.5,2.14713e+07,2.14713e+07
0.75,2.14712e+07,2.14712e+07
1,2.14711e+07,2.14711e+07
1.25,2.1471e+07,2.1471e+07
1.5,2.14709e+07,2.14709e+07
1.75,2.14708e+07,2.14708e+07
2,2.14708e+07,2.14708e+07
2.25,2.14708e+07,2.14708e+07
2.5,2.14707e+07,2.14707e+07
2.75,2.14707e+07,2.14707e+07
3,2.14706e+07,2.14706e+07
3.25,2.14706e+07,2.14706e+07
3.5,2.14705e+07,2.14705e+07
3.75,2.14705e+07,2.14705e+07
4,2.14704e+07,2.14704e+07
4.25,2.14703e+07,2.14703e+07
4.5,2.14702e+07,2.14702e+07
4.75,2.14701e+07,2.14701e+07
5,2.14701e+07,2.14701e+07
5.25,2.147e+07,2.147e+07
5.5,2.14699e+07,2.14699e+07
5.75,2.14698e+07,2.14698e+07
6,2.14697e+07,2.14697e+07
6.25,2.14696e+07,2.14696e+07
6.5,2.14696e+07,2.14696e+07
6.75,2.14694e+07,2.14694e+07
7,2.14693e+07,2.14693e+07
7.25,2.14691e+07,2.14691e+07
7.5,2.1469e+07,2.1469e+07
7.75,2.14688e+07,2.14688e+07
8,2.14687e+07,2.14687e+07
8.25,2.14684e+07,2.14684e+07
8.5,2.14683e+07,2.14683e+07
8.75,2.14681e+07,2.14681e+07
9,2.14679e+07,2.14679e+07
9.25,2.14677e+07,2.14677e+07
9.5,2.14675e+07,2.14675e+07
9.75,2.14671e+07,2.14671e+07
10,2.14669e+07,2.14669e+07
10.25,2.14666e+07,2.14666e+07
10.5,2.14664e+07,2.14664e+07
10.75,2.14661e+07,2.14661e+07
11,2.14658e+07,2.14658e+07
11.25,2.14654e+07,2.14654e+07
11.5,2.14652e+07,2.14652e+07
11.75,2.14648e+07,2.14648e+07
12,2.14645e+07,2.14645e+07
12.25,2.14642e+07,2.14642e+07
12.5,2.14637e+07,2.14637e+07
12.75,2.14634e+07,2.14634e+07
13,2.1463e+07,2.1463e+07
13.25,2.14627e+07,2.14627e+07
13.5,2.14622e+07,2.14622e+07
13.75,2.14619e+07,2.14619e+07
14,2.14615e+07,2.14615e+07
14.25,2.14609e+07,2.14609e+07
14.5,2.14604e+07,2.14604e+07
14.75,2.14598e+07,2.14598e+07
15,2.14591e+07,2.14591e+07
15.25,2.14585e+07,2.14585e+07
15.5,2.14579e+07,2.14579e+07
15.75,2.14573e+07,2.14573e+07
16,2.14567e+07,2.14567e+07
16.25,2.14559e+07,2.14559e+07
16.5,2.14552e+07,2.14552e+07
16.75,2.14545e+07,2.14545e+07
17,2.14538e+07,2.14538e+07
17.25,2.1453e+07,2.1453e+07
17.5,2.14521e+07,2.14521e+07
17.75,2.14513e+07,2.14513e+07
18,2.14503e+07,2.14503e+07
18.25,2.14494e+07,2.14494e+07
18.5,2.14483e+07,2.14483e+07
18.75,2.14471e+07,2.14471e+07
19,2.14461e+07,2.14461e+07
19.25,2.14451e+07,2.14451e+07
19.5,2.14441e+07,2.14441e+07
19.75,2.14426e+07,2.14426e+07
20,2.14414e+07,2.14414e+07
20.25,2.14401e+07,2.14401e+07
20.5,2.14386e+07,2.14386e+07
20.75,2.14372e+07,2.14372e+07
21,2.14356e+07,2.14356e+07
21.25,2.14343e+07,2.14343e+07
21.5,2.14324e+07,2.14324e+07
21.75,2.14306e+07,2.14306e+07
22,2.14288e+07,2.14288e+07
22.25,2.14269e+07,2.14269e+07
22.5,2.14252e+07,2.14252e+07
22.75,2.1423e+07,2.1423e+07
23,2.14207e+07,2.14207e+07
23.25,2.14182e+07,2.14182e+07
23.5,2.14158e+07,2.14158e+07
23.75,2.14134e+07,2.14134e+07
24,2.14108e+07,2.14108e+07
24.25,2.14082e+07,2.14082e+07
24.5,2.14053e+07,2.14053e+07
24.75,2.14023e+07,2.14023e+07
25,2.13993e+07,2.13993e+07
25.25,2.13961e+07,2.13961e+07
25.5,2.13927e+07,2.13927e+07
25.75,2.13893e+07,2.13893e+07
26,2.13859e+07,2.13859e+07
26.25,2.13824e+07,2.13824e+07
26.5,2.13786e+07,2.13786e+07
26.75,2.13743e+07,2.13743e+07
27,2.13696e+07,2.13696e+07
27.25,2.1365e+07,2.1365e+07
27.5,2.13605e+07,2.13605e+07
27.75,2.13556e+07,2.13556e+07
28,2.13507e+07,2.13507e+07
28.25,2.13457e+07,2.13457e+07
28.5,2.13406e+07,2.13406e+07
28.75,2.1335e+07,2.1335e+07
29,2.13288e+07,2.13288e+07
29.25,2.13225e+07,2.13225e+07
29.5,2.1316e+07,2.1316e+07
29.75,2.13091e+07,2.13091e+07
30,2.13021e+07,2.13021e+07
30.25,2.12947e+07,2.12947e+07
30.5,2.12868e+07,2.12868e+07
30.75,2.12792e+07,2.12792e+07
31,2.1271e+07,2.1271e+07
31.25,2.12628e+07,2.12628e+07
31.5,2.1254e+07,2.1254e+07
31.75,2.12447e+07,2.12447e+07
32,2.12345e+07,2.12345e+07
32.25,2.12248e+07,2.12248e+07
32.5,2.12138e+07,2.12138e+07
32.75,2.12032e+07,2.12032e+07
33,2.11923e+07,2.11923e+07
33.25,2.11798e+07,2.11798e+07
33.5,2.1167e+07,2.1167e+07
33.75,2.11541e+07,2.11541e+07
34,2.1141e+07,2.1141e+07
34.25,2.11277e+07,2.11277e+07
34.5,2.11132e+07,2.11132e+07
34.75,2.10976e+07,2.10976e+07
35,2.10818e+07,2.10818e+07
35.25,2.1065e+07,2.1065e+07
35.5,2.10483e+07,2.10483e+07
35.75,2.10303e+07,2.10303e+07
36,2.10131e+07,2.10131e+07
36.25,2.0994e+07,2.0994e+07
36.5,2.09747e+07,2.09747e+07
36.75,2.09536e+07,2.09536e+07
37,2.09321e+07,2.09321e+07
37.25,2.09106e+07,2.09106e+07
37.5,2.08885e+07,2.08885e+07
37.75,2.08648e+07,2.08648e+07
38,2.08411e+07,2.08411e+07
38.25,2.08169e+07,2.08169e+07
38.5,2.07912e+07,2.07912e+07
38.75,2.07646e+07,2.07646e+07
39,2.07368e+07,2.07368e+07
39.25,2.07083e+07,2.07083e+07
39.5,2.06787e+07,2.06787e+07
39.75,2.06479e+07,2.06479e+07
40,2.06186e+07,2.06186e+07
40.25,2.0586e+07,2.0586e+07
40.5,2.05536e+07,2.05536e+07
40.75,2.05205e+07,2.05205e+07
41,2.04865e+07,2.04865e+07
41.25,2.04524e+07,2.04524e+07
41.5,2.04162e+07,2.04162e+07
41.75,2.03804e+07,2.03804e+07
42,2.0344e+07,2.0344e+07
42.25,2.03067e+07,2.03067e+07
42.5,2.02674e+07,2.02674e+07
42.75,2.02288e+07,2.02288e+07
43,2.01879e+07,2.01879e+07
43.25,2.01454e+07,2.01454e+07
43.5,2.01033e+07,2.01033e+07
43.75,2.00613e+07,2.00613e+07
44,2.00197e+07,2.00197e+07
44.25,1.99743e+07,1.99743e+07
44.5,1.99306e+07,1.99306e+07
44.75,1.98865e+07,1.98865e+07
45,1.98417e+07,1.98417e+07
45.25,1.97972e+07,1.97972e+07
45.5,1.97522e+07,1.97522e+07
45.75,1.97073e+07,1.97073e+07
46,1.96603e+07,1.96603e+07
46.25,1.96153e+07,1.96153e+07
46.5,1.95702e+07,1.95702e+07
46.75,1.95247e+07,1.95247e+07
47,1.94796e+07,1.94796e+07
47.25,1.94351e+07,1.94351e+07
47.5,1.9391e+07,1.9391e+07
47.75,1.93477e+07,1.93477e+07
48,1.93052e+07,1.93052e+07
48.25,1.9261e+07,1.9261e+07
48.5,1.92174e+07,1.92174e+07
48.75,1.91767e+07,1.91767e+07
49,1.91364e+07,1.91364e+07
49.25,1.90963e+07,1.90963e+07
49.5,1.90549e+07,1.90549e+07
49.75,1.90163e+07,1.90163e+07
50,1.89798e+07,1.89798e+07
50.25,1.89427e+07,1.89427e+07
50.5,1.89099e+07,1.89099e+07
50.75,1.88764e+07,1.88764e+07
51,1.88454e+07,1.88454e+07
51.25,1.88143e+07,1.88143e+07
51.5,1.87861e+07,1.87861e+07
51.75,1.87601e+07,1.87601e+07
52,1.87346e+07,1.87346e+07
52.25,1.87115e+07,1.87115e+07
52.5,1.86907e+07,1.86907e+07
52.75,1.86716e+07,1.86716e+07
53,1.86549e+07,1.86549e+07
53.25,1.86389e+07,1.86389e+07
53.5,1.86247e+07,1.86247e+07
53.75,1.86138e+07,1.86138e+07
54,1.86038e+07,1.86038e+07
54.25,1.85962e+07,1.85962e+07
54.5,1.85883e+07,1.85883e+07
54.75,1.85852e+07,1.85852e+07
55,1.85844e+07,1.85844e+07
55.25,1.8583e+07,1.8583e+07
55.5,1.85841e+07,1.85841e+07
55.75,1.85888e+07,1.85888e+07
56,1.85939e+07,1.85939e+07
56.25,1.86013e+07,1.86013e+07
56.5,1.86096e+07,1.86096e+07
56.75,1.86209e+07,1.86209e+07
57,1.86346e+07,1.86346e+07
57.25,1.8651e+07,1.8651e+07
57.5,1.86674e+07,1.86674e+07
57.75,1.86849e+07,1.86849e+07
58,1.87042e+07,1.87042e+07
58.25,1.87261e+07,1.87261e+07
58.5,1.87486e+07,1.87486e+07
58.75,1.8771e+07,1.8771e+07
59,1.87961e+07,1.87961e+07
59.25,1.88211e+07,1.88211e+07
59.5,1.8849e+07,1.8849e+07
59.75,1.88784e+07,1.88784e+07
60,1.89094e+07,1.89094e+07
60.25,1.89395e+07,1.89395e+07
60.5,1.89696e+07,1.89696e+07
60.75,1.90002e+07,1.90002e+07
61,1.9033e+07,1.9033e+07
61.25,1.90672e+07,1.90672e+07
61.5,1.91004e+07,1.91004e+07
61.75,1.91344e+07,1.91344e+07
62,1.91699e+07,1.91699e+07
62.25,1.92045e+07,1.92045e+07
62.5,1.92409e+07,1.92409e+07
62.75,1.92777e+07,1.92777e+07
63,1.93147e+07,1.93147e+07
63.25,1.93511e+07,1.93511e+07
63.5,1.93872e+07,1.93872e+07
63.75,1.94251e+07,1.94251e+07
64,1.94618e+07,1.94618e+07
64.25,1.94981e+07,1.94981e+07
64.5,1.95355e+07,1.95355e+07
64.75,1.95722e+07,1.95722e+07
65,1.96086e+07,1.96086e+07
65.25,1.96457e+07,1.96457e+07
65.5,1.96813e+07,1.96813e+07
65.75,1.97174e+07,1.97174e+07
66,1.97544e+07,1.97544e+07
66.25,1.97908e+07,1.97908e+07
66.5,1.98254e+07,1.98254e+07
66.75,1.986e+07,1.986e+07
67,1.98952e+07,1.98952e+07
67.25,1.99294e+07,1.99294e+07
67.5,1.99639e+07,1.99639e+07
67.75,1.99978e+07,1.99978e+07
68,2.00308e+07,2.00308e+07
68.25,2.00638e+07,2.00638e+07
68.5,2.00963e+07,2.00963e+07
68.75,2.0128e+07,2.0128e+07
69,2.01592e+07,2.01592e+07
69.25,2.01909e+07,2.01909e+07
69.5,2.02208e+07,2.02208e+07
69.75,2.02502e+07,2.02502e+07
70,2.02799e+07,2.02799e+07
70.25,2.03079e+07,2.03079e+07
70.5,2.03362e+07,2.03362e+07
70.75,2.03636e+07,2.03636e+07
71,2.03905e+07,2.03905e+07
71.25,2.04172e+07,2.04172e+07
71.5,2.04434e+07,2.04434e+07
71.75,2.04683e+07,2.04683e+07
72,2.04932e+07,2.04932e+07
72.25,2.05173e+07,2.05173e+07
72.5,2.05418e+07,2.05418e+07
72.75,2.05656e+07,2.05656e+07
73,2.05881e+07,2.05881e+07
73.25,2.06097e+07,2.06097e+07
73.5,2.06319e+07,2.06319e+07
73.75,2.06527e+07,2.06527e+07
74,2.06735e+07,2.06735e+07
74.25,2.06936e+07,2.06936e+07
74.5,2.07133e+07,2.07133e+07
74.75,2.07324e+07,2.07324e+07
75,2.07518e+07,2.07518e+07
75.25,2.07703e+07,2.07703e+07
75.5,2.07878e+07,2.07878e+07
75.75,2.08054e+07,2.08054e+07
76,2.08233e+07,2.08233e+07
76.25,2.084e+07,2.084e+07
76.5,2.0856e+07,2.0856e+07
76.75,2.08716e+07,2.08716e+07
77,2.08869e+07,2.08869e+07
77.25,2.09023e+07,2.09023e+07
77.5,2.09164e+07,2.09164e+07
77.75,2.09307e+07,2.09307e+07
78,2.09447e+07,2.09447e+07
78.25,2.09577e+07,2.09577e+07
78.5,2.09706e+07,2.09706e+07
78.75,2.09832e+07,2.09832e+07
79,2.09953e+07,2.09953e+07
79.25,2.10071e+07,2.10071e+07
79.5,2.10185e+07,2.10185e+07
79.75,2.10301e+07,2.10301e+07
80,2.1041e+07,2.1041e+07
80.25,2.10515e+07,2.10515e+07
80.5,2.10618e+07,2.10618e+07
80.75,2.1072e+07,2.1072e+07
81,2.10817e+07,2.10817e+07
81.25,2.1091e+07,2.1091e+07
81.5,2.11e+07,2.11e+07
81.75,2.11092e+07,2.11092e+07
82,2.11177e+07,2.11177e+07
82.25,2.11261e+07,2.11261e+07
82.5,2.11342e+07,2.11342e+07
82.75,2.11416e+07,2.11416e+07
83,2.11493e+07,2.11493e+07
83.25,2.11566e+07,2.11566e+07
83.5,2.11637e+07,2.11637e+07
83.75,2.11706e+07,2.11706e+07
84,2.11775e+07,2.11775e+07
84.25,2.11841e+07,2.11841e+07
84.5,2.11906e+07,2.11906e+07
84.75,2.11969e+07,2.11969e+07
85,2.12028e+07,2.12028e+07
85.25,2.12085e+07,2.12085e+07
85.5,2.12141e+07,2.12141e+07
85.75,2.12197e+07,2.12197e+07
86,2.12249e+07,2.12249e+07
86.25,2.123e+07,2.123e+07
86.5,2.12351e+07,2.12351e+07
86.75,2.12398e+07,2.12398e+07
87,2.12445e+07,2.12445e+07
87.25,2.12492e+07,2.12492e+07
87.5,2.12535e+07,2.12535e+07
87.75,2.12575e+07,2.12575e+07
88,2.12617e+07,2.12617e+07
88.25,2.12658e+07,2.12658e+07
88.5,2.12698e+07,2.12698e+07
88.75,2.12735e+07,2.12735e+07
89,2.12771e+07,2.12771e+07
89.25,2.12808e+07,2.12808e+07
89.5,2.1284e+07,2.1284e+07
89.75,2.12873e+07,2.12873e+07
90,2.12906e+07,2.12906e+07
90.25,2.12937e+07,2.12937e+07
90.5,2.12967e+07,2.12967e+07
90.75,2.12997e+07,2.12997e+07
91,2.13024e+07,2.13024e+07
91.25,2.1305e+07,2.1305e+07
91.5,2.13076e+07,2.13076e+07
91.75,2.13101e+07,2.13101e+07
92,2.13127e+07,2.13127e+07
92.25,2.1315e+07,2.1315e+07
92.5,2.13174e+07,2.13174e+07
92.75,2.13196e+07,2.13196e+07
93,2.13217e+07,2.13217e+07
93.25,2.13237e+07,2.13237e+07
93.5,2.13257e+07,2.13257e+07
93.75,2.13278e+07,2.13278e+07
94,2.13296e+07,2.13296e+07
94.25,2.13314e+07,2.13314e+07
94.5,2.13332e+07,2.13332e+07
94.75,2.13348e+07,2.13348e+07
95,2.13365e+07,2.13365e+07
95.25,2.13382e+07,2.13382e+07
95.5,2.13398e+07,2.13398e+07
95.75,2.13413e+07,2.13413e+07
96,2.13427e+07,2.13427e+07
96.25,2.13441e+07,2.13441e+07
96.5,2.13454e+07,2.13454e+07
96.75,2.13468e+07,2.13468e+07
97,2.13481e+07,2.13481e+07
97.25,2.13493e+07,2.13493e+07
97.5,2.13504e+07,2.13504e+07
97.75,2.13516e+07,2.13516e+07
98,2.13527e+07,2.13527e+07
98.25,2.13538e+07,2.13538e+07
98.5,2.13549e+07,2.13549e+07
98.75,2.13558e+07,2.13558e+07
99,2.13568e+07,2.13568e+07
99.25,2.13578e+07,2.13578e+07
99.5,2.13586e+07,2.13586e+07
99.75,2.13595e+07,2.13595e+07
100,2.13605e+07,2.13605e+07
100.25,2.13613e+07,2.13613e+07
100.5,2.13621e+07,2.13621e+07
100.75,2.13628e+07,2.13628e+07
101,2.13635e+07,2.13635e+07
101.25,2.13643e+07,2.13643e+07
101.5,2.1365e+07,2.1365e+07
101.75,2.13658e+07,2.13658e+07
102,2.13665e+07,2.13665e+07
102.25,2.13671e+07,2.13671e+07
102.5,2.13677e+07,2.13677e+07
102.75,2.13684e+07,2.13684e+07
103,2.1369e+07,2.1369e+07
103.25,2.13695e+07,2.13695e+07
103.5,2.13701e+07,2.13701e+07
103.75,2.13706e+07,2.13706e+07
104,2.13711e+07,2.13711e+07
104.25,2.13716e+07,2.13716e+07
104.5,2.13721e+07,2.13721e+07
104.75,2.13726e+07,2.13726e+07
105,2.1373e+07,2.1373e+07
105.25,2.13734e+07,2.13734e+07
105.5,2.13738e+07,2.13738e+07
105.75,2.13742e+07,2.13742e+07
106,2.13746e+07,2.13746e+07
106.25,2.1375e+07,2.1375e+07
106.5,2.13753e+07,2.13753e+07
106.75,2.13757e+07,2.13757e+07
107,2.1376e+07,2.1376e+07
107.25,2.13763e+07,2.13763e+07
107.5,2.13767e+07,2.13767e+07
107.75,2.1377e+07,2.1377e+07
108,2.13773e+07,2.13773e+07
108.25,2.13775e+07,2.13775e+07
108.5,2.13778e+07,2.13778e+07
108.75,2.13781e+07,2.13781e+07
109,2.13784e+07,2.13784e+07
109.25,2.13786e+07,2.13786e+07
109.5,2.13789e+07,2.13789e+07
109.75,2.13791e+07,2.13791e+07
110,2.13793e+07,2.13793e+07
110.25,2.13796e+07,2.13796e+07
110.5,2.13797e+07,2.13797e+07
110.75,2.138e+07,2.138e+07
111,2.13801e+07,2.13801e+07
111.25,2.13804e+07,2.13804e+07
111.5,2.13805e+07,2.13805e+07
111.75,2.13807e+07,2.13807e+07
112,2.13809e+07,2.13809e+07
112.25,2.13811e+07,2.13811e+07
112.5,2.13812e+07,2.13812e+07
112.75,2.13814e+07,2.13814e+07
113,2.13816e+07,2.13816e+07
113.25,2.13817e+07,2.13817e+07
113.5,2.13819e+07,2.13819e+07
113.75,2.1382e+07,2.1382e+07
114,2.13821e+07,2.13821e+07
114.25,2.13822e+07,2.13822e+07
114.5,2.13823e+07,2.13823e+07
114.75,2.13824e+07,2.13824e+07
115,2.13826e+07,2.13826e+07
115.25,2.13827e+07,2.13827e+07
115.5,2.13828e+07,2.13828e+07
115.75,2.13829e+07,2.13829e+07
116,2.1383e+07,2.1383e+07
116.25,2.13831e+07,2.13831e+07
116.5,2.13832e+07,2.13832e+07
116.75,2.13833e+07,2.13833e+07
117,2.13834e+07,2.13834e+07
117.25,2.13835e+07,2.13835e+07
117.5,2.13836e+07,2.13836e+07
117.75,2.13837e+07,2.13837e+07
118,2.13838e+07,2.13838e+07
118.25,2.13838e+07,2.13838e+07
118.5,2.13839e+07,2.13839e+07
118.75,2.1384e+07,2.1384e+07
119,2.13841e+07,2.13841e+07
119.25,2.13841e+07,2.13841e+07
119.5,2.13842e+07,2.13842e+07
119.75,2.13843e+07,2.13843e+07
120,2.13843e+07,2.13843e+07
120.25,2.13844e+07,2.13844e+07
120.5,2.13844e+07,2.13844e+07
120.75,2.13845e+07,2.13845e+07
121,2.13845e+07,2.13845e+07
121.25,2.13846e+07,2.13846e+07
121.5,2.13846e+07,2.13846e+07
121.75,2.13847e+07,2.13847e+07
122,2.13847e+07,2.13847e+07
122.25,2.13848e+07,2.13848e+07
122.5,2.13848e+07,2.13848e+07
122.75,2.13848e+07,2.13848e+07
123,2.13849e+07,2.13849e+07
123.25,2.13849e+07,2.13849e+07
123.5,2.1385e+07,2.1385e+07
123.75,2.1385e+07,2.1385e+07
124,2.13851e+07,2.13851e+07
124.25,2.13851e+07,2.13851e+07
124.5,2.13851e+07,2.13851e+07
124.75,2.13852e+07,2.13852e+07
125,2.13852e+07,2.13852e+07
125.25,2.13853e+07,2.13853e+07
125.5,2.13853e+07,2.13853e+07
125.75,2.13853e+07,2.13853e+07
126,2.13853e+07,2.13853e+07
126.25,2.13853e+07,2.13853e+07
126.5,2.13854e+07,2.13854e+07
126.75,2.13854e+07,2.13854e+07
127,2.13854e+07,2.13854e+07
127.25,2.13855e+07,2.13855e+07
127.5,2.13855e+07,2.13855e+07
127.75,2.13855e+07,2.13855e+07
128,2.13855e+07,2.13855e+07
128.25,2.13855e+07,2.13855e+07
128.5,2.13855e+07,2.13855e+07
128.75,2.13856e+07,2.13856e+07
129,2.13856e+07,2.13856e+07
129.25,2.13856e+07,2.13856e+07
129.5,2.13856e+07,2.13856e+07
129.75,2.13856e+07,2.13856e+07
130,2.13857e+07,2.13857e+07
130.25,2.13857e+07,2.13857e+07
130.5,2.13857e+07,2.13857e+07
130.75,2.13857e+07,2.13857e+07
131,2.13857e+07,2.13857e+07
131.25,2.13857e+07,2.13857e+07
131.5,2.13858e+07,2.13858e+07
131.75,2.13858e+07,2.13858e+07
132,2.13858e+07,2.13858e+07
132.25,2.13858e+07,2.13858e+07
132.5,2.13858e+07,2.13858e+07
132.75,2.13858e+07,2.13858e+07
133,2.13858e+07,2.13858e+07
133.25,2.13858e+07,2.13858e+07
133.5,2.13858e+07,2.13858e+07
133.75,2.13859e+07,2.13859e+07
134,2.13859e+07,2.13859e+07
134.25,2.13859e+07,2.13859e+07
134.5,2.13859e+07,2.13859e+07
134.75,2.13859e+07,2.13859e+07
135,2.13859e+07,2.13859e+07
135.25,2.13859e+07,2.13859e+07
135.5,2.13859e+07,2.13859e+07
135.75,2.13859e+07,2.13859e+07
136,2.13859e+07,2.13859e+07
136.25,2.13859e+07,2.13859e+07
136.5,2.13859e+07,2.13859e+07
136.75,2.1386e+07,2.1386e+07
137,2.1386e+07,2.1386e+07
137.25,2.1386e+07,2.1386e+07
137.5,2.1386e+07,2.1386e+07
137.75,2.1386e+07,2.1386e+07
138,2.1386e+07,2.1386e+07
138.25,2.1386e+07,2.1386e+07
138.5,2.1386e+07,2.1386e+07
138.75,2.1386e+07,2.1386e+07
139,2.1386e+07,2.1386e+07
139.25,2.1386e+07,2.1386e+07
139.5,2.1386e+07,2.1386e+07
139.75,2.1386e+07,2.1386e+07
140,2.1386e+07,2.1386e+07
140.25,2.1386e+07,2.1386e+07
140.5,2.1386e+07,2.1386e+07
140.75,2.1386e+07,2.1386e+07
141,2.1386e+07,2.1386e+07
141.25,2.1386e+07,2.1386e+07
141.5,2.1386e+07,2.1386e+07
141.75,2.1386e+07,2.1386e+07
142,2.1386e+07,2.1386e+07
142.25,2.1386e+07,2.1386e+07
142.5,2.13861e+07,2.13861e+07
142.75,2.13861e+07,2.13861e+07
143,2.13861e+07,2.13861e+07
143.25,2.13861e+07,2.13861e+07
143.5,2.13861e+07,2.13861e+07
143.75,2.13861e+07,2.13861e+07
144,2.13861e+07,2.13861e+07
144.25,2.13861e+07,2.13861e+07
144.5,2.13861e+07,2.13861e+07
144.75,2.13861e+07,2.13861e+07
145,2.13861e+07,2.13861e+07
145.25,2.13861e+07,2.13861e+07
145.5,2.13861e+07,2.13861e+07
145.75,2.13861e+07,2.13861e+07
146,2.13861e+07,2.13861e+07
146.25,2.13861e+07,2.13861e+07
146.5,2.13861e+07,2.13861e+07
146.75,2.13861e+07,2.13861e+07
147,2.13861e+07,2.13861e+07
147.25,2.13861e+07,2.13861e+07
147.5,2.13861e+07,2.13861e+07
147.75,2.13861e+07,2.13861e+07
148,2.13861e+07,2.13861e+07
148.25,2.13861e+07,2.13861e+07
148.5,2.13861e+07,2.13861e+07
148.75,2.13861e+07,2.13861e+07
149,2.13861e+07,2.13861e+07
149.25,2.13861e+07,2.13861e+07
149.5,2.13861e+07,2.13861e+07
149.75,2.13861e+07,2.13861e+07
150,2.13861e+07,2.13861e+07
150.25,2.13861e+07,2.13861e+07
150.5,2.13861e+07,2.13861e+07
150.75,2.13861e+07,2.13861e+07
151,2.13861e+07,2.13861e+07
151.25,2.13861e+07,2.13861e+07
151.5,2.13861e+07,2.13861e+07
151.75,2.13861e+07,2.13861e+07
152,2.13861e+07,2.13861e+07
152.25,2.13861e+07,2.13861e+07
152.5,2.13861e+07,2.13861e+07
152.75,2.13861e+07,2.13861e+07
153,2.13861e+07,2.13861e+07
153.25,2.13861e+07,2.13861e+07
153.5,2.13861e+07,2.13861e+07
153.75,2.13861e+07,2.13861e+07
154,2.13861e+07,2.13861e+07
154.25,2.13861e+07,2.13861e+07
154.5,2.13861e+07,2.13861e+07
154.75,2.13861e+07,2.13861e+07
155,2.13861e+07,2.13861e+07
155.25,2.13861e+07,2.13861e+07
155.5,2.13861e+07,2.13861e+07
155.75,2.13861e+07,2.13861e+07
156,2.13861e+07,2.13861e+07
156.25,2.13861e+07,2.13861e+07
156.5,2.13861e+07,2.13861e+07
156.75,2.13861e+07,2.13861e+07
157,2.13861e+07,2.13861e+07
157.25,2.13861e+07,2.13861e+07
157.5,2.13861e+07,2.13861e+07
157.75,2.13861e+07,2.13861e+07
158,2.13861e+07,2.13861e+07
158.25,2.13861e+07,2.13861e+07
158.5,2.13861e+07,2.13861e+07
158.75,2.13861e+07,2.13861e+07
159,2.13861e+07,2.13861e+07
159.25,2.13861e+07,2.13861e+07
159.5,2.13861e+07,2.13861e+07
159.75,2.13861e+07,2.13861e+07
160,2.13861e+07,2.13861e+07
160.25,2.13861e+07,2.13861e+07
160.5,2.13861e+07,2.13861e+07
160.75,2.13861e+07,2.13861e+07
161,2.13861e+07,2.13861e+07
161.25,2.13861e+07,2.13861e+07
161.5,2.13861e+07,2.13861e+07
161.75,2.13861e+07,2.13861e+07
162,2.13861e+07,2.13861e+07
162.25,2.13861e+07,2.13861e+07
162.5,2.13861e+07,2.13861e+07
162.75,2.13861e+07,2.13861e+07
163,2.13861e+07,2.13861e+07
163.25,2.13861e+07,2.13861e+07
163.5,2.13861e+07,2.13861e+07
163.75,2.13861e+07,2.13861e+07
164,2.13861e+07,2.13861e+07
164.25,2.13861e+07,2.13861e+07
164.5,2.13861e+07,2.13861e+07
164.75,2.13861e+07,2.13861e+07
165,2.13861e+07,2.13861e+07
165.25,2.13861e+07,2.13861e+07
165.5,2.13861e+07,2.13861e+07
165.75,2.13861e+07,2.13861e+07
166,2.13861e+07,2.13861e+07
166.25,2.13861e+07,2.13861e+07
166.5,2.13861e+07,2.13861e+07
166.75,2.13861e+07,2.13861e+07
167,2.13861e+07,2.13861e+07
167.25,2.13861e+07,2.13861e+07
167.5,2.13861e+07,2.13861e+07
167.75,2.13861e+07,2.13861e+07
168,2.13861e+07,2.13861e+07
168.25,2.13861e+07,2.13861e+07
168.5,2.13861e+07,2.13861e+07
168.75,2.13861e+07,2.13861e+07
169,2.13861e+07,2.13861e+07
169.25,2.13861e+07,2.13861e+07
169.5,2.13861e+07,2.13861e+07
169.75,2.13861e+07,2.13861e+07
170,2.13861e+07,2.13861e+07
170.25,2.13861e+07,2.13861e+07
170.5,2.13861e+07,2.13861e+07
170.75,2.13861e+07,2.13861e+07
171,2.13861e+07,2.13861e+07
171.25,2.13861e+07,2.13861e+07
171.5,2.13861e+07,2.13861e+07
171.75,2.13861e+07,2.13861e+07
172,2.13861e+07,2.13861e+07
172.25,2.13861e+07,2.13861e+07
172.5,2.13861e+07,2.13861e+07
172.75,2.13861e+07,2.13861e+07
173,2.13861e+07,2.13861e+07
173.25,2.13861e+07,2.13861e+07
173.5,2.13861e+07,2.13861e+07
173.75,2.13861e+07,2.13861e+07
174,2.13861e+07,2.13861e+07
174.25,2.13861e+07,2.13861e+07
174.5,2.13861e+07,2.13861e+07
174.75,2.13861e+07,2.13861e+07
175,2.13861e+07,2.13861e+07
175.25,2.13861e+07,2.13861e+07
175.5,2.13861e+07,2.13861e+07
175.75,2.13861e+07,2.13861e+07
176,2.13861e+07,2.13861e+07
176.25,2.13861e+07,2.13861e+07
176.5,2.13861e+07,2.13861e+07
176.75,2.13861e+07,2.13861e+07
177,2.13861e+07,2.13861e+07
177.25,2.13861e+07,2.13861e+07
177.5,2.13861e+07,2.13861e+07
177.75,2.13861e+07,2.13861e+07
178,2.13861e+07,2.13861e+07
178.25,2.13861e+07,2.13861e+07
178.5,2.13861e+07,2.13861e+07
178.75,2.13861e+07,2.13861e+07
179,2.13861e+07,2.13861e+07
179.25,2.13861e+07,2.13861e+07
179.5,2.13861e+07,2.13861e+07
179.75,2.13861e+07,2.13861e+07
180,2.13861e+07,2.13861e+07
180.25,2.13861e+07,2.13861e+07
180.5,2.13861e+07,2.13861e+07
180.75,2.13861e+07,2.13861e+07
181,2.13861e+07,2.13861e+07
181.25,2.13861e+07,2.13861e+07
181.5,2.13861e+07,2.13861e+07
181.75,2.13861e+07,2.13861e+07
182,2.13861e+07,2.13861e+07
182.25,2.13861e+07,2.13861e+07
182.5,2.13861e+07,2.13861e+07
182.75,2.13861e+07,2.13861e+07
183,2.13861e+07,2.13861e+07
183.25,2.13861e+07,2.13861e+07
183.5,2.13861e+07,2.13861e+07
183.75,2.13861e+07,2.13861e+07
184,2.13861e+07,2.13861e+07
184.25,2.13861e+07,2.13861e+07
184.5,2.13861e+07,2.13861e+07
184.75,2.13861e+07,2.13861e+07
185,2.13861e+07,2.13861e+07
185.25,2.13861e+07,2.13861e+07
185.5,2.13861e+07,2.13861e+07
185.75,2.13861e+07,2.13861e+07
186,2.13861e+07,2.13861e+07
186.25,2.13861e+07,2.13861e+07
186.5,2.13861e+07,2.13861e+07
186.75,2.13861e+07,2.13861e+07
187,2.13861e+07,2.13861e+07
187.25,2.13861e+07,2.13861e+07
187.5,2.13861e+07,2.13861e+07
187.75,2.13861e+07,2.13861e+07
188,2.13861e+07,2.13861e+07
188.25,2.13861e+07,2.13861e+07
188.5,2.13861e+07,2.13861e+07
188.75,2.13861e+07,2.13861e+07
189,2.13861e+07,2.13861e+07
189.25,2.13861e+07,2.13861e+07
189.5,2.13861e+07,2.13861e+07
189.75,2.13861e+07,2.13861e+07
190,2.13861e+07,2.13861e+07
190.25,2.13861e+07,2.13861e+07
190.5,2.13861e+07,2.13861e+07
190.75,2.13861e+07,2.13861e+07
191,2.13861e+07,2.13861e+07
191.25,2.13861e+07,2.13861e+07
191.5,2.13861e+07,2.13861e+07
191.75,2.13861e+07,2.13861e+07
192,2.13861e+07,2.13861e+07
192.25,2.13861e+07,2.13861e+07
192.5,2.13861e+07,2.13861e+07
192.75,2.13861e+07,2.13861e+07
193,2.13861e+07,2.13861e+07
193.25,2.13861e+07,2.13861e+07
193.5,2.13861e+07,2.13861e+07
193.75,2.13861e+07,2.13861e+07
194,2.13861e+07,2.13861e+07
194.25,2.13861e+07,2.13861e+07
194.5,2.13861e+07,2.13861e+07
194.75,2.13861e+07,2.13861e+07
195,2.13861e+07,2.13861e+07
195.25,2.13861e+07,2.13861e+07
195.5,2.13861e+07,2.13861e+07
195.75,2.13861e+07,2.13861e+07
196,2.13861e+07,2.13861e+07
196.25,2.13861e+07,2.13861e+07
196.5,2.13861e+07,2.13861e+07
196.75,2.13861e+07,2.13861e+07
197,2.13861e+07,2.13861e+07
197.25,2.13861e+07,2.13861e+07
197.5,2.13861e+07,2.13861e+07
197.75,2.13861e+07,2.13861e+07
198,2.13861e+07,2.13861e+07
198.25,2.13861e+07,2.13861e+07
198.5,2.13861e+07,2.13861e+07
198.75,2.13861e+07,2.13861e+07
199,2.13861e+07,2.13861e+07
199.25,2.13861e+07,2.13861e+07
199.5,2.13861e+07,2.13861e+07
199.75,2.13861e+07,2.13861e+07
200,2.13861e+07,2.13861e+07
200.25,2.13861e+07,2.13861e+07
200.5,2.13861e+07,2.13861e+07
200.75,2.13861e+07,2.13861e+07
201,2.13861e+07,2.13861e+07
201.25,2.13861e+07,2.13861e+07
201.5,2.13861e+07,2.13861e+07
201.75,2.13861e+07,2.13861e+07
202,2.13861e+07,2.13861e+07
202.25,2.13861e+07,2.13861e+07
202.5,2.13861e+07,2.13861e+07
202.75,2.13861e+07,2.13861e+07
203,2.13861e+07,2.13861e+07
203.25,2.13861e+07,2.13861e+07
203.5,2.13861e+07,2.13861e+07
203.75,2.13861e+07,2.13861e+07
204,2.13861e+07,2.13861e+07
204.25,2.13861e+07,2.13861e+07
204.5,2.13861e+07,2.13861e+07
204.75,2.13861e+07,2.13861e+07
205,2.13861e+07,2.13861e+07
205.25,2.13861e+07,2.13861e+07
205.5,2.13861e+07,2.13861e+07
205.75,2.13861e+07,2.13861e+07
206,2.13861e+07,2.13861e+07
206.25,2.13861e+07,2.13861e+07
206.5,2.13861e+07,2.13861e+07
206.75,2.13861e+07,2.13861e+07
207,2.13861e+07,2.13861e+07
207.25,2.13861e+07,2.13861e+07
207.5,2.13861e+07,2.13861e+07
207.75,2.13861e+07,2.13861e+07
208,2.13861e+07,2.13861e+07
208.25,2.13861e+07,2.13861e+07
208.5,2.13861e+07,2.13861e+07
208.75,2.13861e+07,2.13861e+07
209,2.13861e+07,2.13861e+07
209.25,2.13861e+07,2.13861e+07
209.5,2.13861e+07,2.13861e+07
209.75,2.13861e+07,2.13861e+07
210,2.13861e+07,2.13861e+07
210.25,2.13861e+07,2.13861e+07
210.5,2.13861e+07,2.13861e+07
210.75,2.13861e+07,2.13861e+07
211,2.13861e+07,2.13861e+07
211.25,2.13861e+07,2.13861e+07
211.5,2.13861e+07,2.13861e+07
211.75,2.13861e+07,2.13861e+07
212,2.13861e+07,2.13861e+07
212.25,2.13861e+07,2.13861e+07
212.5,2.13861e+07,2.13861e+07
212.75,2.13861e+07,2.13861e+07
213,2.13861e+07,2.13861e+07
213.25,2.13861e+07,2.13861e+07
213.5,2.13861e+07,2.13861e+07
213.75,2.13861e+07,2.13861e+07
214,2.13861e+07,2.13861e+07
214.25,2.13861e+07,2.13861e+07
214.5,2.13861e+07,2.13861e+07
214.75,2.13861e+07,2.13861e+07
215,2.13861e+07,2.13861e+07
215.25,2.13861e+07,2.13861e+07
215.5,2.13861e+07,2.13861e+07
215.75,2.13861e+07,2.13861e+07
216,2.13861e+07,2.13861e+07
216.25,2.13861e+07,2.13861e+07
216.5,2.13861e+07,2.13861e+07
216.75,2.13861e+07,2.13861e+07
217,2.13861e+07,2.13861e+07
217.25,2.13861e+07,2.13861e+07
217.5,2.13861e+07,2.13861e+07
217.75,2.13861e+07,2.13861e+07
218,2.13861e+07,2.13861e+07
218.25,2.13861e+07,2.13861e+07
218.5,2.13861e+07,2.13861e+07
218.75,2.13861e+07,2.13861e+07
219,2.13861e+07,2.13861e+07
219.25,2.13861e+07,2.13861e+07
219.5,2.13861e+07,2.13861e+07
219.75,2.13861e+07,2.13861e+07
220,2.13861e+07,2.13861e+07
220.25,2.13861e+07,2.13861e+07
220.5,2.13861e+07,2.13861e+07
220.75,2.13861e+07,2.13861e+07
221,2.13861e+07,2.13861e+07
221.25,2.13861e+07,2.13861e+07
221.5,2.13861e+07,2.13861e+07
221.75,2.13861e+07,2.13861e+07
222,2.13861e+07,2.13861e+07
222.25,2.13861e+07,2.13861e+07
222.5,2.13861e+07,2.13861e+07
222.75,2.13861e+07,2.13861e+07
223,2.13861e+07,2.13861e+07
223.25,2.13861e+07,2.13861e+07
223.5,2.13861e+07,2.13861e+07
223.75,2.13861e+07,2.13861e+07
224,2.13861e+07,2.13861e+07
224.25,2.13861e+07,2.13861e+07
224.5,2.13861e+07,2.13861e+07
224.75,2.13861e+07,2.13861e+07
225,2.13861e+07,2.13861e+07
225.25,2.13861e+07,2.13861e+07
225.5,2.13861e+07,2.13861e+07
225.75,2.13861e+07,2.13861e+07
226,2.13861e+07,2.13861e+07
226.25,2.13861e+07,2.13861e+07
226.5,2.13861e+07,2.13861e+07
226.75,2.13861e+07,2.13861e+07
227,2.13861e+07,2.13861e+07
227.25,2.13861e+07,2.13861e+07
227.5,2.13861e+07,2.13861e+07
227.75,2.13861e+07,2.13861e+07
228,2.13861e+07,2.13861e+07
228.25,2.13861e+07,2.13861e+07
228.5,2.13861e+07,2.13861e+07
228.75,2.13861e+07,2.13861e+07
229,2.13861e+07,2.13861e+07
229.25,2.13861e+07,2.13861e+07
229.5,2.13861e+07,2.13861e+07
229.75,2.13861e+07,2.13861e+07
230,2.13861e+07,2.13861e+07
230.25,2.13861e+07,2.13861e+07
230.5,2.13861e+07,2.13861e+07
230.75,2.13861e+07,2.13861e+07
231,2.13861e+07,2.13861e+07
231.25,2.13861e+07,2.13861e+07
231.5,2.13861e+07,2.13861e+07
231.75,2.13861e+07,2.13861e+07
232,2.13861e+07,2.13861e+07
232.25,2.13861e+07,2.13861e+07
232.5,2.13861e+07,2.13861e+07
232.75,2.13861e+07,2.13861e+07
233,2.13861e+07,2.13861e+07
233.25,2.13861e+07,2.13861e+07
233.5,2.13861e+07,2.13861e+07
233.75,2.13861e+07,2.13861e+07
234,2.13861e+07,2.13861e+07
234.25,2.13861e+07,2.13861e+07
234.5,2.13861e+07,2.13861e+07
234.75,2.13861e+07,2.13861e+07
235,2.13861e+07,2.13861e+07
235.25,2.13861e+07,2.13861e+07
235.5,2.13861e+07,2.13861e+07
235.75,2.13861e+07,2.13861e+07
236,2.13861e+07,2.13861e+07
236.25,2.13861e+07,2.13861e+07
236.5,2.13861e+07,2.13861e+07
236.75,2.13861e+07,2.13861e+07
237,2.13861e+07,2.13861e+07
237.25,2.13861e+07,2.13861e+07
237.5,2.13861e+07,2.13861e+07
237.75,2.13861e+07,2.13861e+07
238,2.13861e+07,2.13861e+07
238.25,2.13861e+07,2.13861e+07
238.5,2.13861e+07,2.13861e+07
238.75,2.13861e+07,2.13861e+07
239,2.13861e+07,2.13861e+07
239.25,2.13861e+07,2.13861e+07
239.5,2.13861e+07,2.13861e+07
239.75,2.13861e+07,2.13861e+07
240,2.13861e+07,2.13861e+07
240.25,2.13861e+07,2.13861e+07
240.5,2.13861e+07,2.13861e+07
240.75,2.13861e+07,2.13861e+07
241,2.13861e+07,2.13861e+07
241.25,2.13861e+07,2.13861e+07
241.5,2.13861e+07,2.13861e+07
241.75,2.13861e+07,2.13861e+07
242,2.13861e+07,2.13861e+07
242.25,2.13861e+07,2.13861e+07
242.5,2.13861e+07,2.13861e+07
242.75,2.13861e+07,2.13861e+07
243,2.13861e+07,2.13861e+07
243.25,2.13861e+07,2.13861e+07
243.5,2.13861e+07,2.13861e+07
243.75,2.13861e+07,2.13861e+07
244,2.13861e+07,2.13861e+07
244.25,2.13861e+07,2.13861e+07
244.5,2.13861e+07,2.13861e+07
244.75,2.13861e+07,2.13861e+07
245,2.13861e+07,2.13861e+07
245.25,2.13861e+07,2.13861e+07
245.5,2.13861e+07,2.13861e+07
245.75,2.13861e+07,2.13861e+07
246,2.13861e+07,2.13861e+07
246.25,2.13861e+07,2.13861e+07
246.5,2.13861e+07,2.13861e+07
246.75,2.13861e+07,2.13861e+07
247,2.13861e+07,2.13861e+07
247.25,2.13861e+07,2.13861e+07
247.5,2.13861e+07,2.13861e+07
247.75,2.13861e+07,2.13861e+07
248,2.13861e+07,2.13861e+07
248.25,2.13861e+07,2.13861e+07
248.5,2.13861e+07,2.13861e+07
248.75,2.13861e+07,2.13861e+07
249,2.13861e+07,2.13861e+07
249.25,2.13861e+07,2.13861e+07
249.5,2.13861e+07,2.13861e+07
249.75,2.13861e+07,2.13861e+07
250,2.13861e+07,2.13861e+07
250.25,2.13861e+07,2.13861e+07
250.5,2.13861e+07,2.13861e+07
250.75,2.13861e+07,2.13861e+07
251,2.13861e+07,2.13861e+07
251.25,2.13861e+07,2.13861e+07
251.5,2.13861e+07,2.13861e+07
251.75,2.13861e+07,2.13861e+07
252,2.13861e+07,2.13861e+07
252.25,2.13861e+07,2.13861e+07
252.5,2.13861e+07,2.13861e+07
252.75,2.13861e+07,2.13861e+07
253,2.13861e+07,2.13861e+07
253.25,2.13861e+07,2.13861e+07
253.5,2.13861e+07,2.13861e+07
253.75,2.13861e+07,2.13861e+07
254,2.13861e+07,2.13861e+07
254.25,2.13861e+07,2.13861e+07
254.5,2.13861e+07,2.13861e+07
254.75,2.13861e+07,2.13861e+07
255,2.13861e+07,2.13861e+07
255.25,2.13861e+07,2.13861e+07
255.5,2.13861e+07,2.13861e+07
255.75,2.13861e+07,2.13861e+07
256,2.13861e+07,2.13861e+07
256.25,2.13861e+07,2.13861e+07
256.5,2.13861e+07,2.13861e+07
256.75,2.13861e+07,2.13861e+07
257,2.13861e+07,2.13861e+07
257.25,2.13861e+07,2.13861e+07
257.5,2.13861e+07,2.13861e+07
257.75,2.13861e+07,2.13861e+07
258,2.13861e+07,2.13861e+07
258.25,2.13861e+07,2.13861e+07
258.5,2.13861e+07,2.13861e+07
258.75,2.13861e+07,2.13861e+07
259,2.13861e+07,2.13861e+07
259.25,2.13861e+07,2.13861e+07
259.5,2.13861e+07,2.13861e+07
259.75,2.13861e+07,2.13861e+07
260,2.13861e+07,2.13861e+07
260.25,2.13861e+07,2.13861e+07
260.5,2.13861e+07,2.13861e+07
260.75,2.13861e+07,2.13861e+07
261,2.13861e+07,2.13861e+07
261.25,2.13861e+07,2.13861e+07
261.5,2.13861e+07,2.13861e+07
261.75,2.13861e+07,2.13861e+07
262,2.13861e+07,2.13861e+07
262.25,2.13861e+07,2.13861e+07
262.5,2.13861e+07,2.13861e+07
262.75,2.13861e+07,2.13861e+07
263,2.13861e+07,2.13861e+07
263.25,2.13861e+07,2.13861e+07
263.5,2.13861e+07,2.13861e+07
263.75,2.13861e+07,2.13861e+07
264,2.13861e+07,2.13861e+07
264.25,2.13861e+07,2.13861e+07
264.5,2.13861e+07,2.13861e+07
264.75,2.13861e+07,2.13861e+07
265,2.13861e+07,2.13861e+07
265.25,2.13861e+07,2.13861e+07
265.5,2.13861e+07,2.13861e+07
265.75,2.13861e+07,2.13861e+07
266,2.13861e+07,2.13861e+07
266.25,2.13861e+07,2.13861e+07
266.5,2.13861e+07,2.13861e+07
266.75,2.13861e+07,2.13861e+07
267,2.13861e+07,2.13861e+07
267.25,2.13861e+07,2.13861e+07
267.5,2.13861e+07,2.13861e+07
267.75,2.13861e+07,2.13861e+07
268,2.13861e+07,2.13861e+07
268.25,2.13861e+07,2.13861e+07
268.5,2.13861e+07,2.13861e+07
268.75,2.13861e+07,2.13861e+07
269,2.13861e+07,2.13861e+07
269.25,2.13861e+07,2.13861e+07
269.5,2.13861e+07,2.13861e+07
269.75,2.13861e+07,2.13861e+07
270,2.13861e+07,2.13861e+07
270.25,2.13861e+07,2.13861e+07
270.5,2.13861e+07,2.13861e+07
270.75,2.13861e+07,2.13861e+07
271,2.13861e+07,2.13861e+07
271.25,2.13861e+07,2.13861e+07
271.5,2.13861e+07,2.13861e+07
271.75,2.13861e+07,2.13861e+07
272,2.13861e+07,2.13861e+07
272.25,2.13861e+07,2.13861e+07
272.5,2.13861e+07,2.13861e+07
272.75,2.13861e+07,2.13861e+07
273,2.13861e+07,2.13861e+07
273.25,2.13861e+07,2.13861e+07
273.5,2.13861e+07,2.13861e+07
273.75,2.13861e+07,2.13861e+07
274,2.13861e+07,2.13861e+07
274.25,2.13861e+07,2.13861e+07
274.5,2.13861e+07,2.13861e+07
274.75,2.13861e+07,2.13861e+07
275,2.13861e+07,2.13861e+07
275.25,2.13861e+07,2.13861e+07
275.5,2.13861e+07,2.13861e+07
275.75,2.13861e+07,2.13861e+07
276,2.13861e+07,2.13861e+07
276.25,2.13861e+07,2.13861e+07
276.5,2.13861e+07,2.13861e+07
276.75,2.13861e+07,2.13861e+07
277,2.13861e+07,2.13861e+07
277.25,2.13861e+07,2.13861e+07
277.5,2.13861e+07,2.13861e+07
277.75,2.13861e+07,2.13861e+07
278,2.13861e+07,2.13861e+07
278.25,2.13861e+07,2.13861e+07
278.5,2.13861e+07,2.13861e+07
278.75,2.13861e+07,2.13861e+07
279,2.13861e+07,2.13861e+07
279.25,2.13861e+07,2.13861e+07
279.5,2.13861e+07,2.13861e+07
279.75,2.13861e+07,2.13861e+07
280,2.13861e+07,2.13861e+07
280.25,2.13861e+07,2.13861e+07
280.5,2.13861e+07,2.13861e+07
280.75,2.13861e+07,2.13861e+07
281,2.13861e+07,2.13861e+07
281.25,2.13861e+07,2.13861e+07
281.5,2.13861e+07,2.13861e+07
281.75,2.13861e+07,2.13861e+07
282,2.13861e+07,2.13861e+07
282.25,2.13861e+07,2.13861e+07
282.5,2.13861e+07,2.13861e+07
282.75,2.13861e+07,2.13861e+07
283,2.13861e+07,2.13861e+07
283.25,2.13861e+07,2.13861e+07
283.5,2.13861e+07,2.13861e+07
283.75,2.13861e+07,2.13861e+07
284,2.13861e+07,2.13861e+07
284.25,2.13861e+07,2.13861e+07
284.5,2.13861e+07,2.13861e+07
284.75,2.13861e+07,2.13861e+07
285,2.13861e+07,2.13861e+07
285.25,2.13861e+07,2.13861e+07
285.5,2.13861e+07,2.13861e+07
285.75,2.13861e+07,2.13861e+07
286,2.13861e+07,2.13861e+07
286.25,2.13861e+07,2.13861e+07
286.5,2.13861e+07,2.13861e+07
286.75,2.13861e+07,2.13861e+07
287,2.13861e+07,2.13861e+07
287.25,2.13861e+07,2.13861e+07
287.5,2.13861e+07,2.13861e+07
287.75,2.13861e+07,2.13861e+07
288,2.13861e+07,2.13861e+07
288.25,2.13861e+07,2.13861e+07
288.5,2.13861e+07,2.13861e+07
288.75,2.13861e+07,2.13861e+07
289,2.13861e+07,2.13861e+07
289.25,2.13861e+07,2.13861e+07
289.5,2.13861e+07,2.13861e+07
289.75,2.13861e+07,2.13861e+07
290,2.13861e+07,2.13861e+07
290.25,2.13861e+07,2.13861e+07
290.5,2.13861e+07,2.13861e+07
290.75,2.13861e+07,2.13861e+07
291,2.13861e+07,2.13861e+07
291.25,2.13861e+07,2.13861e+07
291.5,2.13861e+07,2.13861e+07
291.75,2.13861e+07,2.13861e+07
292,2.13861e+07,2.13861e+07
292.25,2.13861e+07,2.13861e+07
292.5,2.13861e+07,2.13861e+07
292.75,2.13861e+07,2.13861e+07
293,2.13861e+07,2.13861e+07
293.25,2.13861e+07,2.13861e+07
293.5,2.13861e+07,2.13861e+07
293.75,2.13861e+07,2.13861e+07
294,2.13861e+07,2.13861e+07
294.25,2.13861e+07,2.13861e+07
294.5,2.13861e+07,2.13861e+07
294.75,2.13861e+07,2.13861e+07
295,2.13861e+07,2.13861e+07
295.25,2.13861e+07,2.13861e+07
295.5,2.13861e+07,2.13861e+07
295.75,2.13861e+07,2.13861e+07
296,2.13861e+07,2.13861e+07
296.25,2.13861e+07,2.13861e+07
296.5,2.13861e+07,2.13861e+07
296.75,2.13861e+07,2.13861e+07
297,2.13861e+07,2.13861e+07
297.25,2.13861e+07,2.13861e+07
297.5,2.13861e+07,2.13861e+07
297.75,2.13861e+07,2.13861e+07
298,2.13861e+07,2.13861e+07
298.25,2.13861e+07,2.13861e+07
298.5,2.13861e+07,2.13861e+07
298.75,2.13861e+07,2.13861e+07
299,2.13861e+07,2.13861e+07
299.25,2.13861e+07,2.13861e+07
299.5,2.13861e+07,2.13861e+07
299.75,2.13861e+07,2.13861e+07
300,2.13861e+07,2.13861e+07
300.25,2.13861e+07,2.13861e+07
300.5,2.13861e+07,2.13861e+07
300.75,2.13861e+07,2.13861e+07
301,2.13861e+07,2.13861e+07
301.25,2.13861e+07,2.13861e+07
301.5,2.13861e+07,2.13861e+07
301.75,2.13861e+07,2.13861e+07
302,2.13861e+07,2.13861e+07
302.25,2.13861e+07,2.13861e+07
302.5,2.13861e+07,2.13861e+07
302.75,2.13861e+07,2.13861e+07
303,2.13861e+07,2.13861e+07
303.25,2.13861e+07,2.13861e+07
303.5,2.13861e+07,2.13861e+07
303.75,2.13861e+07,2.13861e+07
304,2.13861e+07,2.13861e+07
304.25,2.13861e+07,2.13861e+07
304.5,2.13861e+07,2.13861e+07
304.75,2.13861e+07,2.13861e+07
305,2.13861e+07,2.13861e+07
305.25,2.13861e+07,2.13861e+07
305.5,2.13861e+07,2.13861e+07
305.75,2.13861e+07,2.13861e+07
306,2.13861e+07,2.13861e+07
306.25,2.13861e+07,2.13861e+07
306.5,2.13861e+07,2.13861e+07
306.75,2.13861e+07,2.13861e+07
307,2.13861e+07,2.13861e+07
307.25,2.13861e+07,2.13861e+07
307.5,2.13861e+07,2.13861e+07
307.75,2.13861e+07,2.13861e+07
308,2.13861e+07,2.13861e+07
308.25,2.13861e+07,2.13861e+07
308.5,2.13861e+07,2.13861e+07
308.75,2.13861e+07,2.13861e+07
309,2.13861e+07,2.13861e+07
309.25,2.13861e+07,2.13861e+07
309.5,2.13861e+07,2.13861e+07
309.75,2.13861e+07,2.13861e+07
310,2.13861e+07,2.13861e+07
310.25,2.13861e+07,2.13861e+07
310.5,2.13861e+07,2.13861e+07
310.75,2.13861e+07,2.13861e+07
311,2.13861e+07,2.13861e+07
311.25,2.13861e+07,2.13861e+07
311.5,2.13861e+07,2.13861e+07
311.75,2.13861e+07,2.13861e+07
312,2.13861e+07,2.13861e+07
312.25,2.13861e+07,2.13861e+07
312.5,2.13861e+07,2.13861e+07
312.75,2.13861e+07,2.13861e+07
313,2.13861e+07,2.13861e+07
313.25,2.13861e+07,2.13861e+07
313.5,2.13861e+07,2.13861e+07
313.75,2.13861e+07,2.13861e+07
314,2.13861e+07,2.13861e+07
314.25,2.13861e+07,2.13861e+07
314.5,2.13861e+07,2.13861e+07
314.75,2.13861e+07,2.13861e+07
315,2.13861e+07,2.13861e+07
315.25,2.13861e+07,2.13861e+07
315.5,2.13861e+07,2.13861e+07
315.75,2.13861e+07,2.13861e+07
316,2.13861e+07,2.13861e+07
316.25,2.13861e+07,2.13861e+07
316.5,2.13861e+07,2.13861e+07
316.75,2.13861e+07,2.13861e+07
317,2.13861e+07,2.13861e+07
317.25,2.13861e+07,2.13861e+07
317.5,2.13861e+07,2.13861e+07
317.75,2.13861e+07,2.13861e+07
318,2.13861e+07,2.13861e+07
318.25,2.13861e+07,2.13861e+07
318.5,2.13861e+07,2.13861e+07
318.75,2.13861e+07,2.13861e+07
319,2.13861e+07,2.13861e+07
319.25,2.13861e+07,2.13861e+07
319.5,2.13861e+07,2.13861e+07
319.75,2.13861e+07,2.13861e+07
320,2.13861e+07,2.13861e+07
320.25,2.13861e+07,2.13861e+07
320.5,2.13861e+07,2.13861e+07
320.75,2.13861e+07,2.13861e+07
321,2.13861e+07,2.13861e+07
321.25,2.13861e+07,2.13861e+07
321.5,2.13861e+07,2.13861e+07
321.75,2.13861e+07,2.13861e+07
322,2.13861e+07,2.13861e+07
322.25,2.13861e+07,2.13861e+07
322.5,2.13861e+07,2.13861e+07
322.75,2.13861e+07,2.13861e+07
323,2.13861e+07,2.13861e+07
323.25,2.13861e+07,2.13861e+07
323.5,2.13861e+07,2.13861e+07
323.75,2.13861e+07,2.13861e+07
324,2.13861e+07,2.13861e+07
324.25,2.13861e+07,2.13861e+07
324.5,2.13861e+07,2.13861e+07
324.75,2.13861e+07,2.13861e+07
325,2.13861e+07,2.13861e+07
325.25,2.13861e+07,2.13861e+07
325.5,2.13861e+07,2.13861e+07
325.75,2.13861e+07,2.13861e+07
326,2.13861e+07,2.13861e+07
326.25,2.13861e+07,2.13861e+07
326.5,2.13861e+07,2.13861e+07
326.75,2.13861e+07,2.13861e+07
327,2.13861e+07,2.13861e+07
327.25,2.13861e+07,2.13861e+07
327.5,2.13861e+07,2.13861e+07
327.75,2.13861e+07,2.13861e+07
328,2.13861e+07,2.13861e+07
328.25,2.13861e+07,2.13861e+07
328.5,2.13861e+07,2.13861e+07
328.75,2.13861e+07,2.13861e+07
329,2.13861e+07,2.13861e+07
329.25,2.13861e+07,2.13861e+07
329.5,2.13861e+07,2.13861e+07
329.75,2.13861e+07,2.13861e+07
330,2.13861e+07,2.13861e+07
330.25,2.13861e+07,2.13861e+07
330.5,2.13861e+07,2.13861e+07
330.75,2.13861e+07,2.13861e+07
331,2.13861e+07,2.13861e+07
331.25,2.13861e+07,2.13861e+07
331.5,2.13861e+07,2.13861e+07
331.75,2.13861e+07,2.13861e+07
332,2.13861e+07,2.13861e+07
332.25,2.13861e+07,2.13861e+07
332.5,2.13861e+07,2.13861e+07
332.75,2.13861e+07,2.13861e+07
333,2.13861e+07,2.13861e+07
333.25,2.13861e+07,2.13861e+07
333.5,2.13861e+07,2.13861e+07
333.75,2.13861e+07,2.13861e+07
334,2.13861e+07,2.13861e+07
334.25,2.13861e+07,2.13861e+07
334.5,2.13861e+07,2.13861e+07
334.75,2.13861e+07,2.13861e+07
335,2.13861e+07,2.13861e+07
335.25,2.13861e+07,2.13861e+07
335.5,2.13861e+07,2.13861e+07
335.75,2.13861e+07,2.13861e+07
336,2.13861e+07,2.13861e+07
336.25,2.13861e+07,2.13861e+07
336.5,2.13861e+07,2.13861e+07
336.75,2.13861e+07,2.13861e+07
337,2.13861e+07,2.13861e+07
337.25,2.13861e+07,2.13861e+07
337.5,2.13861e+07,2.13861e+07
337.75,2.13861e+07,2.13861e+07
338,2.13861e+07,2.13861e+07
338.25,2.13861e+07,2.13861e+07
338.5,2.13861e+07,2.13861e+07
338.75,2.13861e+07,2.13861e+07
339,2.13861e+07,2.13861e+07
339.25,2.13861e+07,2.13861e+07
339.5,2.13861e+07,2.13861e+07
339.75,2.13861e+07,2.13861e+07
340,2.13861e+07,2.13861e+07
340.25,2.13861e+07,2.13861e+07
340.5,2.13861e+07,2.13861e+07
340.75,2.13861e+07,2.13861e+07
341,2.13861e+07,2.13861e+07
341.25,2.13861e+07,2.13861e+07
341.5,2.13861e+07,2.13861e+07
341.75,2.13861e+07,2.13861e+07
342,2.13861e+07,2.13861e+07
342.25,2.13861e+07,2.13861e+07
342.5,2.13861e+07,2.13861e+07
342.75,2.13861e+07,2.13861e+07
343,2.13861e+07,2.13861e+07
343.25,2.13861e+07,2.13861e+07
343.5,2.13861e+07,2.13861e+07
343.75,2.13861e+07,2.13861e+07
344,2.13861e+07,2.13861e+07
344.25,2.13861e+07,2.13861e+07
344.5,2.13861e+07,2.13861e+07
344.75,2.13861e+07,2.13861e+07
345,2.13861e+07,2.13861e+07
345.25,2.13861e+07,2.13861e+07
345.5,2.13861e+07,2.13861e+07
345.75,2.13861e+07,2.13861e+07
346,2.13861e+07,2.13861e+07
346.25,2.13861e+07,2.13861e+07
346.5,2.13861e+07,2.13861e+07
346.75,2.13861e+07,2.13861e+07
347,2.13861e+07,2.13861e+07
347.25,2.13861e+07,2.13861e+07
347.5,2.13861e+07,2.13861e+07
347.75,2.13861e+07,2.13861e+07
348,2.13861e+07,2.13861e+07
348.25,2.13861e+07,2.13861e+07
348.5,2.13861e+07,2.13861e+07
348.75,2.13861e+07,2.13861e+07
349,2.13861e+07,2.13861e+07
349.25,2.13861e+07,2.13861e+07
349.5,2.13861e+07,2.13861e+07
349.75,2.13861e+07,2.13861e+07
350,2.13861e+07,2.13861e+07
350.25,2.13861e+07,2.13861e+07
350.5,2.13861e+07,2.13861e+07
350.75,2.13861e+07,2.13861e+07
351,2.13861e+07,2.13861e+07
351.25,2.13861e+07,2.13861e+07
351.5,2.13861e+07,2.13861e+07
351.75,2.13861e+07,2.13861e+07
352,2.13861e+07,2.13861e+07
352.25,2.13861e+07,2.13861e+07
352.5,2.13861e+07,2.13861e+07
352.75,2.13861e+07,2.13861e+07
353,2.13861e+07,2.13861e+07
353.25,2.13861e+07,2.13861e+07
353.5,2.13861e+07,2.13861e+07
353.75,2.13861e+07,2.13861e+07
354,2.13861e+07,2.13861e+07
354.25,2.13861e+07,2.13861e+07
354.5,2.13861e+07,2.13861e+07
354.75,2.13861e+07,2.13861e+07
355,2.13861e+07,2.13861e+07
355.25,2.13861e+07,2.13861e+07
355.5,2.13861e+07,2.13861e+07
355.75,2.13861e+07,2.13861e+07
356,2.13861e+07,2.13861e+07
356.25,2.13861e+07,2.13861e+07
356.5,2.13861e+07,2.13861e+07
356.75,2.13861e+07,2.13861e+07
357,2.13861e+07,2.13861e+07
357.25,2.13861e+07,2.13861e+07
357.5,2.13861e+07,2.13861e+07
357.75,2.13861e+07,2.13861e+07
358,2.13861e+07,2.13861e+07
358.25,2.13861e+07,2.13861e+07
358.5,2.13861e+07,2.13861e+07
358.75,2.13861e+07,2.13861e+07
359,2.13861e+07,2.13861e+07
359.25,2.13861e+07,2.13861e+07
359.5,2.13861e+07,2.13861e+07
359.75,2.13861e+07,2.13861e+07
360,2.13861e+07,2.13861e+07
360.25,2.13861e+07,2.13861e+07
360.5,2.13861e+07,2.13861e+07
360.75,2.13861e+07,2.13861e+07
361,2.13861e+07,2.13861e+07
361.25,2.13861e+07,2.13861e+07
361.5,2.13861e+07,2.13861e+07
361.75,2.13861e+07,2.13861e+07
362,2.13861e+07,2.13861e+07
362.25,2.13861e+07,2.13861e+07
362.5,2.13861e+07,2.13861e+07
362.75,2.13861e+07,2.13861e+07
363,2.13861e+07,2.13861e+07
363.25,2.13861e+07,2.13861e+07
363.5,2.13861e+07,2.13861e+07
363.75,2.13861e+07,2.13861e+07
364,2.13861e+07,2.13861e+07
364.25,2.13861e+07,2.13861e+07
364.5,2.13861e+07,2.13861e+07
364.75,2.13861e+07,2.13861e+07
